Last name,First name,Birth year,Death year,Genre,Nationality,Gender
Aa,Michel van der,1970,Still living,Contemporary,Dutch,Male
Abdi,Behzad,1973,Still living,Contemporary,Iranian,Male
Abe,Komei,1911,2006,Neoclassical,Japanese,Male
Abel,Mark,1948,Still living,Contemporary,American,Male
Abraham,Paul,1892,1960,Modern,Hungarian,Male
Abrahamsen,Hans,1952,Still living,Contemporary,Danish,Male
Adam,Adolphe,1803,1856,Romantic,French,Male
Adams,Harrison Leslie,1932,Still living,Contemporary,American,Male
Adams,John,1947,Still living,Contemporary,American,Male
Adams,Leslie,1932,Still living,Contemporary,American,Male
Adolphe,Julia,1988,Still living,Contemporary,American,Female
Addinsell,Richard,1904,1977,Film music,English,Male
Adès,Thomas,1971,Still living,Contemporary,English,Male
Adson,John,1587,1640,Renaissance,English,Male
Aho,Kalevi,1949,Still living,Contemporary,Finnish,Male
Akpabot,Samuel,1932,2000,Modern,Nigerian,Male
Al-Zand,Karim,1970,Still living,Contemporary,Canadian-American,Male
Alain,Jehan,1911,1940,Modern,French,Male
Albéniz,Isaac,1860,1909,Romantic,Spanish,Male
Albert,Eugen d',1864,1932,Romantic,Scottish,Male
Albinoni,Tomaso,1671,1751,Baroque,Italian,Male
Albrechtsberger,Johann Georg,1736,1809,Classical,Austrian,Male
Alfano,Franco,1875,1954,Romantic,Italian,Male
Alfvén,Hugo,1872,1960,Classical,Swedish,Male
Alkan,Charles-Valentin,1813,1888,Romantic,French,Male
Allegri,Gregorio,1582,1652,Baroque,Italian,Male
Alwyn,William,1905,1985,Modern,English,Male
Alwyn,William,1905,1985,Modern,English,Male
Anderson,Leroy,1908,1975,Modern,American,Male
Andreae,Volkmar,1879,1962,Romantic,Swiss,Male
Andriessen,Louis,1939,2021,Modern,Dutch,Male
Anet,Jean-Baptiste,1676,1767,Baroque,French,Male
Antheil,George,1900,1959,Modern,American,Male
Antoniou,Theodore,1935,2018,Modern,Greek,Male
Aragón,Emilio,1959,Still living,Film music,Cuban,Male
Arensky,Anton,1861,1906,Romantic,Russian,Male
Ariosti,Attilio,1666,1729,Baroque,Italian,Male
Armstrong,Kit,1992,Still living,Modern,American,Male
Arnalds,Ólafur,1986,Still living,Modern,Icelandic,Male
Árnason,Viktor Orri,?,Still living,Modern,Icelandic,Male
Arne,Thomas,1710,1778,Baroque,English,Male
Arnell,Richard,1917,2009,Modern,English,Male
Arnold,Malcolm,1921,2006,Modern,English,Male
Arnaud,Leo,1904,1991,Film music,French-American,Male
Arriaga,Juan Crisóstomo,1806,1826,Classical,Spanish,Male
Auber,Daniel,1782,1871,Romantic,French,Male
Aubert,Jacques,1689,1753,Baroque,French,Male
Aucoin,Matthew,1990,Still living,Contemporary,American,Male
Aufschnaiter,Benedikt Anton,1665,1731,Baroque,Austrian,Male
Auric,Georges,1899,1983,Modern,French,Male
Avison,Charles,1709,1770,Classical,English,Male
Azevedo,Sérgio,1968,Still living,Contemporary,Portuguese,Male
Babbitt,Milton,1916,2011,Modern,American,Male
Bach,Carl Philipp Emanuel,1714,1788,Classical,German,Male
Bach,Johann Christian,1735,1782,Classical,German,Male
Bach,Johann Christoph Friedrich,1732,1795,Classical,German,Male
Bach,Johann Ludwig,1677,1731,Baroque,German,Male
Bach,Johann Michael,1648,1694,Baroque,German,Male
Bach,Johann Michael,1745,1820,Classical,German,Male
Bach,Johann Sebastian,1685,1750,Baroque,German,Male
Bach,Wilhelm Friedemann,1710,1784,Baroque,German,Male
Bach,Wilhelm Friedrich Ernst,1759,1845,Classical,German,Male
Backer-Grøndahl,Agathe,1847,1907,Romantic,Norwegian,Female
Bacon,Ernst,1898,1990,Modern,American,Male
Badings,Henk,1907,1987,Modern,Dutch,Male
Baermann,Heinrich,1784,1847,Romantic,German,Male
Baines,William,1899,1922,Romantic,English,Male
Bainton,Edgar,1880,1956,Modern,English-Australian,Male
Bairstow,Edward,1874,1946,Anglican liturgical,English,Male
Balada,Leonardo,1933,Still living,Contemporary,Spanish-American,Male
Balakirev,Mily,1837,1910,Romantic,Russian,Male
Baldassare,Pietro,c. 1683,after 1768,Baroque,Italian,Male
Ballard,Robert,c. 1572, after 1650,Baroque,French,Male
Baltzar,Thomas,1630,1663,Baroque,German,Male
Bantock,Granville,1868,1946,Romantic,English,Male
Barber,Samuel,1910,1981,Modern,American,Male
Barbillion,Jeanne,1895,1992,Modern,French,Female
Barmotin,Semyon,1877,1939,Romantic,Russian,Male
Barnes,Jasmine,?,Still living,Contemporary,American,Female
Barrios,Agustin,1885,1944,Classical,Paraguayan,Male
Barry,Gerald,1952,Still living,Contemporary,Irish,Male
Bartók,Béla,1881,1945,Modern,Hungarian,Male
Bax,Arnold,1883,1953,Classical,English,Male
Beach,Amy,1867,1944,Romantic,American,Female
Beamish,Sally,1956,Still living,Contemporary,English,Female
Beaser,Robert,1954,Still living,Contemporary,American,Male
Beck,Franz Ignaz,1734,1809,Classical,German,Male
Beethoven,Ludwig van,1770,1827,Classical,German,Male
Bellini,Vincenzo,1801,1835,Bel canto,Italian,Male
Benda,Georg,1722,1795,Classical,Czech,Male
Benjamin,Arthur,1893,1960,Modern,Australian,Male
Benjamin,George,1960,Still living,Contemporary,English,Male
Bennett,Richard Rodney,1936,2012,Film and Television Music,English,Male
Bennett,William Sterndale,1816,1875,Romantic,English,Male
Bentzon,Niels Viggo,1919,2000,Modern,Danish,Male
Berg,Alban,1885,1935,Modern,Austrian,Male
Berger,Arthur,1912,2003,Modern,American,Male
Berio,Luciano,1925,2003,Modern,Italian,Male
Bériot,Charles-Auguste de,1802,1870,Romantic,Belgian,Male
Berkeley,Lennox,1903,1989,Modern,English,Male
Berkeley,Michael,1948,Still living,Contemporary,English,Male
Berlioz,Louis-Hector,1803,1869,Romantic,French,Male
Bernard,Émile,1843,1902,Romantic,French,Male
Berners,Lord,1883,1950,Romantic,English,Male
Bernstein,Leonard,1918,1990,Modern,American,Male
Bersa,Blagoje,1873,1934,Romantic,Croatian,Male
Bergström,Harry,1910,1989,Modern,Finnish,Male
Bertali,Antonio,1605,1669,Baroque,Italian,Male
Berwald,Franz,1796,1868,Romantic,Swedish,Male
Berton,Pierre Montan,1727,1780,Romantic,French,Male
Beving,Joep,1976,Still living,Contemporary,Dutch,Male
Biber,Heinrich,1644,1704,Baroque,Bohemian-Austrian,Male
Billings,William,1746,1800,Choral,American,Male
Binchois,Gilles,1400,1460,Renaissance,Flemish (Belgian),Male
Binge,Ronald,1910,1979,Modern,English,Male
Bingen,Hildegard of,1098,1179,Medieval,German,Female
Birtwistle,Harrison,1934,Still living,Contemporary,English,Male
Bizet,Georges,1838,1875,Romantic,French,Male
Bjarnason,Daníel,1979,Still living,Contemporary,Icelandic,Male
Blackwood,Easley,1933,Still living,Contemporary,American,Male
Blake,Howard,1938,Still living,Contemporary,English,Male
Blamont,François Collin de,1690,1760,Classical,French,Male
Blanchard,Terence,1962,Still living,Contemporary,American,Male
Bliss,Arthur,1891,1975,Classical,English,Male
Bloch,Ernest,1880,1959,Classical,Swiss-American,Male
Blow,John,1649,1708,Baroque,English,Male
Blumer,Theodor,1881,1964,Modern,German,Male
Boccherini,Luigi,1743,1805,Classical,Italian-Spanish,Male
Boïeldieu,François,1775,1834,Classical,French,Male
Bonis,Mélanie,1858,1937,Romantic,French,Female
Boito,Arrigo,1842,1918,Romantic,Italian,Male
Bolcom,William,1938,Still living,Contemporary,American,Male
Bologne,Joseph,1745,1799,Classical,French,Male
Bon,Anna,1738,1769,Baroque,Italian,Female
Bonds,Margaret Allison,1913,1972,Modern,American,Female
Bonis,Mélanie (“Mel”),1858,1937,Romantic,French,Female
Bononcini,Giovanni,1670,1747,Baroque,Italian,Male
Borodin,Alexander,1833,1887,Romantic,Russian,Male
Borrono,Pietro Paolo,1490,1563,Renaissance,Italian,Male
Bortkiewicz,Sergei,1877,1952,Modern,Ukranian,Male
Bosmans,Henriette Hilda,1895,1952,Romantic,Dutch,Female
Bottis,Giuseppe De ,1678,1753,Baroque,Italian,Male
Bottesini,Giovanni,1821,1889,Romantic,Italian,Male
Bottiroli,José Antonio,1920,1990,Modern,Argentinian,Male
Boughton,Rutland,1878,1960,Modern,English,Male
Boulanger,Lili,1893,1918,Classical,French,Female
Boulanger,Nadia,1887,1979,Classical,French,Female
Boulez,Pierre,1925,2016,Classical,French,Male
Bowen,York,1884,1961,Romantic,English,Male
Boyce,William,1711,1779,Baroque,English,Male
Boyle,Ina,1889,1967,Romantic,Irish,Female
Brahms,Johannes,1833,1897,Classical,German,Male
Brescianello,Giuseppe Antonio,1690,1758,Baroque,Italian,Male
Bresnick,Martin,1946,Still living,Contemporary,American,Male
Brian,Havergal,1876,1972,Modern,English,Male
Bridge,Frank,1879,1941,Romantic,English,Male
Briggs,Kerensa,1991,Still living,Contemporary,English,Female
Bristow,George Frederick,1825,1898,Romantic,American,Male
Brittelle,William,1977,Still living,Contemporary,American,Male
Britten,Benjamin,1913,1976,Modern,English,Male
Brophy,Gerard,1953,Still living,Contemporary,Australian,Male
Brouwer,Leo,1939,Still living,Contemporary,Cuban,Male
Browne,John,1490,Unknown,Liturgical,English,Male
Brubeck,Dave,1920,2012,Jazz,American,Male
Bruch,Max,1838,1920,Romantic,German,Male
Bruckner,Anton,1824,1896,Classical,Austrian,Male
Brumel,Antoine,1460,1520,Renaissance,French,Male
Brusa,Elisabetta,1954,Still living,Contemporary,Italian-English,Female
Bull,John,1562,1628,Classical,English,Male
Buns,Benedictus,1642,1716,Renaissance,Dutch,Male
Buonamente,Giovanni Battista,1595,1642,Baroque,Italian,Male
Burgon,Geoffrey,1941,Still living,Film and Television Music,English,Male
Burleigh,Harry,1866,1949,Romantic,American,Male
Burritt,Michael,1962,Still living,Contemporary,American,Male
Busch,William,1962,1945,Romantic,English,Male
Bush,Alan,1900,1995,Modern,English,Male
Bush,Geoffrey,1920,1998,Modern,English,Male
Busoni,Ferruccio,1866,1924,Romantic,Italian,Male
Butterworth,Arthur,1923,2014,Modern,English,Male
Butterworth,George,1885,1916,Romantic,English,Male
Buxtehude,Dietrich,1637,1707,Baroque,Danish,Male
Byrd,William,1543,1623,Renaissance,English,Male
Byström,Britta,1977,Still living,Contemporary,Swedish,Female
Cage,John,1912,1992,Modern,American,Male
Caldara,Antonio,1670,1736,Baroque,Italian,Male
Camilleri,Charles,1931,2009,Modern,Maltese,Male
Campion,Thomas,1567,1620,Renaissance,English,Male
Campioni,Carlo Antonio,1720,1788,Baroque,Italian,Male
Campra,André,1660,1744,Baroque,French,Male
Cannabich,Johann,1731,1798,Classical,German,Male
Canteloube,Marie-Joseph,1879,1957,Classical,French,Male
Capers,Valerie,1935,Still living,Jazz,American,Female
Caplet,André,1878,1925,Classical,French,Male
Cardoso,Frei Manuel,1566,1650,Baroque,Portuguese,Male
Carissimi,Giacomo,1605,1674,Baroque,Italian,Male
Carlsson,Mark,1952,Still living,Contemporary,American,Male
Carpenter,John Alden,1876,1951,Romantic,American,Male
Carter,Elliott,1908,Still living,Contemporary,American,Male
Carulli,Ferdinando,1770,1841,Classical,Italian,Male
Carvalho,João de Sousa,1745,1798,Classical,Portuguese,Male
Carwithen,Doreen,1922,2003,Modern,English,Female
Casella,Alfredo,1883,1947,Romantic,Italian,Male
Castello,Dario,1602,1631,Baroque,Italian,Male
Castelnuovo-Tedesco,Mario,1895,1968,Modern,Italian-American,Male
Catalani,Alfredo,1854,1893,Romantic,Italian,Male
Catán,Daniel,1949,2011,Modern,Mexican,Male
Castillon,Alexis de,1838,1873,Romantic,French,Male
Caudioso,Domenico,?,?,Baroque,Italian,Male
Cavalli,Francesco,1602,1676,Baroque,Italian,Male
Cecchino,Tomaso,1583,1644,Baroque,Italian,Male
Cerha,Friedrich,1926,Still living,Contemporary,Austrian,Male
Chabrier,Emmanuel,1841,1894,Romantic,French,Male
Chadwick,George Whitefield,1854,1931,Romantic,American,Male
Chagrin,Francis,1905,1972,Film music,Romanian-English,Male
Chaminade,Cécile Louise,1857,1944,Romantic,French,Female
Charpentier,Gustave,1860,1956,Romantic,French,Male
Charpentier,Marc-Antoine,1643,1704,Baroque,French,Male
Chausson,Ernest,1855,1899,Romantic,French,Male
Chávez,Carlos,1899,1978,Modern,Mexican,Male
Cherubini,Luigi,1760,1842,Romantic,Italian,Male
Chilcott,Bob,1955,Still living,Contemporary,English,Male
Chin,Unsuk,1961,Still living,Modern,South Korean,Female
Chisolm,Erik,1904,1965,Classical,Scottish,Male
Chopin,Frédéric,1810,1849,Romantic,Polish,Male
Cilea,Francesco,1866,1950,Romantic,Italian,Male
Cimarosa,Domenico,1749,1801,Classical,Italian,Male
Clarke,Jeremiah,1674,1707,Baroque,English,Male
Clemens Non Papa,Jacob,1510,1555,Classical,Netherlandish,Male
Clementi,Muzio,1752,1832,Classical,Italian-English,Male
Cleve,Johannes de,1529,1582,Renaissance,German,
Cliffe,Frederic,1857,1931,Classical,English,Male
Clifford,Hubert,1904,1959,Classical,Australian-English,Male
Clyne,Anna,1980,Still living,Contemporary,English,Female
Coates,Eric,1886,1957,Modern,English,Male
Colbran,Isabella,1785,1845,Bel canto,Spanish,Female
Coleridge-Taylor,Avril,1903,1998,Modern,English,Female
Coleridge-Taylor,Samuel,1875,1912,Romantic,English,Male
Coll,Francisco,1985,Still living,Contemporary,Spanish,Male
Collasse,Pascal,1649,1709,Baroque,French,Male
Collins,Anthony,1893,1963,Classical,English,Male
Coltrane,John,1926,1967,Jazz,American,Male
Confrey,Edward,1895,1971,Jazz,American,Male
Cooke,Arnold,1906,2005,Classical,English,Male
Copland,Aaron,1900,1990,Modern,American,Male
Cordero,Roque,1917,2008,Modern,Panamanian,Male
Corelli,Arcangelo,1653,1713,Baroque,Italian,Male
Corrette,Michel,1707,1795,Baroque,French,Male
Corigliano,John,1938,Still living,Contemporary,United States,Male
Cornysh,William,1468,1523,Renaissance,English,Male
Coste,Napoléon,1805,1883,Romantic,French,Male
Couperin,Armand-Louis,1725,1789,Baroque,French,Male
Couperin,François,1668,1733,Baroque,French,Male
Couperin,Gervais-François,1759,1826,Classical,French,Male
Couperin,Louis,1626,1661,Baroque,French,Male
Couperin,Marc Roger,1663,1734,Baroque,French,Male
Couperin,Pierre-Louis,1755,1789,Baroque,French,Male
Coward,James,1824,1880,Romantic,English,Male
Cowell,Henry,1897,1965,Modern,American,Male
Crecquillon,Thomas,1505,1557,Renaissance,Belgian,Male
Creston,Paul,1906,1985,Classical,Italian-American,Male
Cristo,Pedro de,1550,1618,Renaissance,Portuguese,Male
Crosse,Gordon,1937,Still living,Contemporary,English,Male
Crumb,George,1929,Still living,Contemporary,American,Male
Crusell,Bernhard,1775,1838,Classical,Swedish-Finnish,Male
Cummings,Richard,1928,Still living,Contemporary,American,Male
Curzon,Frederick,1899,1973,Modern,English,Male
Czernowin,Chaya,1957,Still living,Contemporary,Israeli-American,Female
Czerny,Carl,1791,1857,Classical,Austrian,Male
D'Astorga,Emanuele,1680,1757,Classical,Italian,Male
D'India,Sigismondo,1582,1630,Renaissance,Italian,Male
Dall'Abaco,Evaristo Felice,1675,1742,Baroque,Italian,Male
Dallapiccola,Luigi,1904,1975,Modern,Italian,Male
Damase,Jean-Michel,1928,2013,Classical,French,Male
Danielpour,Richard,1956,Still living,Contemporary,American,Male
Danzi,Franz,1763,1826,Classical,German,Male
Daquin,Louis-Claude,1694,1772,Classical,French,Male
Dargaville,Tim,1962,Still living,Contemporary,Australian,Male
Darnton,Christian,1905,1981,Classical,English,Male
Dauvergne,Antoine,1713,1797,Romantic,French,Male
Davies,Sir Henry Walford,1869,1941,Classical,English,Male
Davies,Peter Maxwell,1934,2016,Modern,English,Male
Davis,Carl,1936,Still living,Film and Television Music,American-English,Male
de Laporta,Isidro,1750,1808,Classical,Spanish,Male
de Victoria,Tomás Luis,1548,1611,Renaissance,Spanish,Male
Debussy,Claude,1862,1918,Impressionist,French,Male
Decaux,Abel,1869,1943,Romantic,French,Male
Del Tredici,David,1937,Still living,Contemporary,American,Male
Delage,Maurice,1879,1961,Modern,French,Male
Delalande,Michel Richard,1657,1726,Baroque,French,Male
Delibes,Léo,1836,1891,Romantic,French,Male
Delius,Frederick Theodore Albert,1862,1934,Modern,English,Male
Delius,Frederick,1862,1934,Modern,English,Male
Dellaira,Michael,1949,Still living,Contemporary,American,Male
Desmarest,Henry,?,1741,Baroque,French,Male
des Prez,Josquin,1455,1521,Renaissance,French,Male
Destouches,André Cardinal,1672,1749,Baroque,French,Male
Dett,Robert Nathaniel,1882,1943,Romantic,Canadian-American,Male
Devienne,François,1759,1803,Classical,French,Male
Dhamabutra,Narongrit,1962,Still living,Contemporary,Thai,Male
Diamond,David,1915,2005,Modern,American,Male
Diepenbrock,Alphons,1862,1921,Romantic,Dutch,Male
Dietrich,Albert,1829,1908,Romantic,German,Male
d'India,Sigismondo,1582,1629,Renaissance,Italian,Male
d'Indy,Vincent,1851,1931,Romantic,French,Male
Dittersdorf,Carl Ditters von,1739,1799,Classical,Austrian,Male
Dodgson,Stephen,1924,2013,Modern,English,Male
Dohnányi,Ernst von,1877,1960,Romantic,Hungarian,Male
Donizetti,Gaetano,1797,1848,Bel canto,Italian,Male
Dove,Jonathan,1959,Still living,Contemporary,English,Male
Dowland,John,1563,1626,Renaissance,English,Male
Dreyschock,Alexander,1818,1869,Romantic,Czech,Male
Dubra,Rihards,1964,Still living,Contemporary,Latvian,Male
Du Mont,Henry,1610,1684,Classical,Belgian,Male
Dufay,Guillaume,1400,1474,Classical,Flemish (Belgian),Male
Dukas,Paul,1865,1935,Classical,French,Male
Dunford,Thomas,1988,Still living,Contemporary,French,Male
Dunhill,Thomas,1877,1946,Classical,English,Male
Dunstable,John,Unknown,1453,Classical,English,Male
Duparc,Henri,1848,1933,Romantic,French,Male
Duphly,Jacques,1715,1789,Classical,French,Male
Dupré,Marcel,1886,1971,Classical,French,Male
Durante,Francesco,1684,1755,Baroque,Italian,Male
Duruflé,Maurice,1902,1986,Modern,French,Male
Dussek,Jan Ladislav,1760,1812,Classical,Czech,Male
Dutilleux,Henri,1916,2013,Classical,French,Male
Dvořák,Antonín,1841,1904,Classical,Czech,Male
Dyck,Vladimir,1882,1943,Romantic,Ukranian,Male
Dylan,Bob,1941,Still living,Folk,American,Male
Dyson,George,1883,1964,Romantic,English,Male
Eastman,Julius,1940,1990,Minimalism,American,Male
Eccles,Henry,1670,1742,Baroque,English,Male
Eccles,John,1668,1735,Baroque,English,Male
Eccles,Solomon,1618,1683,Baroque,English,Male
Eckhardt-Gramatté,Sophie-Carmen,1899 ,1974,Romantic,Russian-Canadian,Female
Edwards,Ross,1943,Still living,Contemporary,Australian,Male
El-Khoury,Bechara,1957,Still living,Contemporary,Lebanese-French,Male
Elgar,Edward,1857,1934,Romantic,English,Male
Ellington,Duke,1899,1974,Jazz,American,Male
Ellis,Don,1934,1978,Jazz,American,Male
Elmas,Stéphan,1862,1937,Romantic,Armenian,Male
Elms,Roderick,1951,Still living,Contemporary,English,Male
Elwyn-Edwards,Dilys,1918,2012,Modern,Welsh,Female
Emmanuel,Maurice,1862,1938,Romantic,French,Male
Enescu,Georges,1881,1955,Romantic,Romanian,Male
Erlebach,Philipp Heinrich,1657,1714,Baroque,German,Male
Evans,William John (“Bill”),1929,1980,Jazz,American,Male
Ewazen,Eric,1954,Still living,Contemporary,American,Male
Exaudet,Andre-Joseph,1710,1762,Baroque,French,Male
Fagerlund,Sebastian,1972,Still living,Contemporary,Finnish,Male
Falconieri,Andrea,1586,1656,Baroque,Italian,Male
Fall,Leo,1873,1925,Romantic,Austrian,Male
Falla,Manuel de,1876,1946,Romantic,Spanish,Male
Farnaby,Giles,1562,1640,Renaissance,English,Male
Farnon,Robert,1917,Still living,Film and Television Music,Canadian,Male
Farr,Gareth,1968,Still living,Contemporary,New Zealander,Male
Farrenc,Louise,1804,1875,Romantic,French,Female
Farwell,Arthur,1872,1952,Romantic,American,Male
Fasch,Johann Friedrich,1688,1758,Baroque,German,Male
Fauré,Gabriel,1845,1924,Modernist,French,Male
Fayrfax,Robert,1464,1521,Renaissance,English,Male
Ferguson,Howard,1908,1999,Modern,Irish,Male
Ferko,Frank,1950,Still living,Contemporary,American,Male
Fesca,Friedrich Ernst,1789,1826,Classical,German,Male
Fibich,Zdeněk,1850,1900,Romantic,Czech,Male
Field,John,1782,1837,Romantic,Irish,Male
Fils,Anton,1733,1760,Classical,German,Male
Fine,Irving,1914,1962,Modern,American,Male
Finzi,Gerald,1901,1956,Modern,English,Male
Fischer,Johann Caspar Ferdinand,1656,1746,Baroque,German,Male
Floyd,Carlisle,1926,Still living,Contemporary,American,Male
Foote,Arthur,1853,1937,Romantic,American,Male
Fortner,Wolfgang,1907,1987,Modern,German,Male
Foss,Lukas,1922,2009,Modern,German-American,Male
Fougstedt,Nils-Erik,1910,1961,Modern,Finnish,Male
Françaix,Jean,1912,1997,Modern,French,Male
Frances-Hoad,Cheryl,1980,Still living,Contemporary,English,Female
Franck,César,1822,1890,Romantic,Belgian,Male
Frescobaldi,Girolamo,1583,1643,Baroque,Italian,Male
Frid,Grigory,1915,2012,Modern,Russian,Male
Fuchs,Robert,1847,1927,Romantic,Austrian,Male
Furtwängler,Wilhelm,1886,1954,Romantic,German,Male
Fux,Johann Joseph,1660,1741,Baroque,Austrian,Male
Gabrieli,Andrea,1532,1585,Renaissance,Italian,Male
Gabrieli,Giovanni,1554,1612,Renaissance,Italian,Male
Gál,Hans,1890,1987,Modern,Austrian-Scottish,Male
Galilei,Vincenzo,1520,1591,Renaissance,Italian,Male
Galuppi,Baldassare,1706,1785,Baroque,Italian,Male
Gambaro,Vincent,1746,1810,Classical,Italian,Male
Gander,Bernhard,1969,Still living,Contemporary,Austrian,Male
Gardner,John,1917,2011,Modern,English,Male
Gasparini,Francesco,1661,1727,Baroque,Italian,Male
Geist,Christian,1650,1711,Baroque,German,Male
Geminiani,Francesco,1687,1762,Baroque,Italian,Male
Gerhard,Roberto,1896,1970,Modern,Spanish,Male
Gershwin,George,1898,1937,Multiple,American,Male
Gibbons,Orlando,1583,1625,Renaissance,English,Male
Gilbert,Henry F.,1868,1928,Romantic,American,Male
Ginastera,Alberto Evaristo,1916,1983,Modern,Argentinian,Male
Giordano,Umberto,1867,1948,Romantic,Italian,Male
Gipps,Ruth,1921,1999,Modern,English,Female
Giroux,Julie,1961,Still living,Contemporary,American,Female
Gísladóttir,Bára,1989,Still living,Contemporary,Icelandic,Female
Glass,Philip,1937,Still living,Contemporary,American,Male
Glinka,Mikhail,1804,1857,Romantic,Russian,Male
Gluck,Christoph Willibald,1714,1787,Classical,German,Male
Godard,Benjamin,1849,1895,Romantic,French,Male
Godzinsky,George de,1914,1994,Modern,Russian-Finnish,Male
Goldmark,Karl,1830,1915,Romantic,Hungarian-Austrian,Male
Gonzales,Chilly,1972,Still living,Contemporary,Canadian,Male
Goodyear,Stewart,1978,Still living,Contemporary,Canadian,Male
Gordon,Geoffrey,1968,Still living,Contemporary,American,Male
Gossec,François Joseph,1734,1829,Classical,French,Male
Gottsch,John D.,1950,Still living,Contemporary,American,Male
Gounod,Charles,1818,1893,Romantic,French,Male
Gouvy,Théodore,1819,1898,Romantic,French-German,Male
Gowers,Patrick,1936,2014,Modern,English,Male
Grainger,Percy,1882,1961,Modern,Australian-American,Male
Granados,Enrique,1867,1916,Romantic,Spanish,Male
Graupner,Christoph,1683,1760,Baroque,German,Male
Greenberg,Robert,1954,Still living,Contemporary,American,Male
Greene,Maurice,1696,1755,Baroque,English,Male
Greenstein,Judd,1979,Still living,Contemporary,American,Male
Gregson,Peter,1987,Still living,Contemporary,Scottish,Male
Grieg,Edvard Hagerup,1843,1907,Romantic,Norwegian,Male
Griffes,Charles Tomlinson,1884,1920,Impressionist,American,Male
Grime,Helen,1981,Still living,Contemporary,Scottish,Female
Grofé,Ferde,1892,1972,Modern,American,Male
Groslot,Robert,1951,Still living,Contemporary,Belgian,Male
Gruber,Franz Xaver,1787,1863,Classical,Austrian,Male
Gruber,Heinz Karl “HK”,1943,Still living,Contemporary,Austrian,Male
Gubaidulina,Sofia,1931,Still living,Contemporary,Russian,Female
Guðnadóttir,Hildur,1982,Still living,Contemporary,Icelandic,Female
Guerrero,Francisco,1528,1599,Renaissance,Italian,Male
Gunaropulos,Yrjö,1904,1968,Modern,Russian-Finnish,Male
Giuliani,Mauro,1781,1829,Classical,Italian,Male
Guilmant,Alexandre,1837,1911,Romantic,French,Male
Gulda,Friedrich,1930,2000,Modern,Austrian,Male
Gurney,Ivor,1890,1937,Romantic,English,Male
Hahn,Reynaldo,1874,1947,Romantic,Venezuelan-French,Male
Haieff,Alexei,1914,1994,Modern,American,Male
Hailstork,Adolphus,1941,Still living,Contemporary,American,Male
Hakenberger,Andreas,1574,1627,Baroque,German,Male
Halévy,Fromental,1799,1862,Romantic,French,Male
Handel,George Frideric,1685,1759,Baroque,German-English,Male
Hanson,Howard,1896,1981,Modern,American,Male
Harbison,John,1938,Still living,Contemporary,American,Male
Harris,Roy,1898,1979,Modern,American,Male
Harrison,Lou,1917,2003,Modern,American,Male
Harvey,Richard,1953,Still living,Contemporary,English,Male
Hasse,Johann Adolph,1699,1783,Baroque,German,Male
Haydn,Franz Joseph,1732,1809,Classical,Austrian,Male
Haydn,Michael,1737,1806,Classical,Austrian,Male
Heggie,Jake,1961,Still living,Contemporary,American,Male
Heinichen,Johann David,1683,1729,Baroque,German,Male
Heise,Peter,1830,1879,Romantic,Danish,Male
Hellendaal,Pieter,1721,1799,Baroque,Dutch,Male
Henze,Hans Werner,1926,2012,Modern,German,Male
Herndon,Holly,1980,Still living,Contemporary,American,Female
Herrmann,Bernard,1911,1975,Film music,American,Male
Hersch,Fred,1955,Still living,Jazz,American,Male
Hertenstein,Marco,1975,Still living,Contemporary,Swiss-German,Male
Herz,Henri,1803,1888,Romantic,Austrian-French,Male
Heuberger,Richard Franz Joseph,1850,1914,Romantic,Austrian,Male
Hindemith,Paul,1895,1963,Modern,German,Male
Hoddinott,Alun,1929,2008,Modern,Welsh,Male
Hollanders,Herman,1595,1640,Renaissance,Dutch,Male
Holliger,Heinz,1939,Still living,Contemporary,Swiss,Male
Holst,Gustav Theodore,1874,1934,Romantic,English,Male
Holzbauer,Ignaz,1711,1783,Classical,Austrian,Male
Honegger,Arthur,1892,1955,Modern,French,Male
Horner,James,1953,2015,Film music,American,Male
Howell,Dorothy,1898,1982,Modern,English,Female
Hueber,Wendelin,1615,1679,Baroque,Austrian,Male
Hummel,Johann Nepomuk,1778,1837,Classical,Austrian,Male
Humperdinck,Engelbert,1854,1921,Romantic,German,Male
Ichmouratov,Airat,1973,Still living,Contemporary,Tartar-Canadian,Male
Ippolito ,Michael,1985,Still living,Contemporary,American,Male
Ireland,John,1878,1962,Modern,English,Male
Isaac,Heinrich,1450,1517,Renaissance,Netherlandish,Male
Ives,Charles Edward,1874,1954,Modernist,American,Male
Ives,Grayston,1948,Still living,Choral,English,Male
Jaegerhuber,Werner,1900,1953,Modern,Haitian,Male
Janáček,Leoš,1854,1928,Romantic,Czech,Male
Jarre,Maurice-Alexis,1924,2009,Film music,French,Male
Jarrett,Keith,1945,Still living,Contemporary,American,Male
Jerusalem,Ignacio de,1707,1769,Baroque,Italian,Male
Jeths,Willem,1959,Still living,Contemporary,Dutch,Male
Jélyotte,Pierre,1713,1797,Classical,French,Male
Jóhannsson,Magnús Blöndal,1925,2005,Modern,Icelandic,Male
Johnson,John,1545,1594,Renaissance,English,Male
Johnson,Robert,1470,1554,Renaissance,Scottish,Male
Johnson,Robert,1583,1633,Renaissance,English,Male
Jommelli,Niccolò,1714,1774,Baroque,Italian,Male
Jónsdóttir,Þórdís Gerður,1990,Still living,Contemporary,Icelandic,Female
Joplin,Scott,1868,1917,Ragtime,American,Male
José,José (Martínez Palacios),1902,1936,Romantic,Spanish,Male
Kabalevsky,Dmitry,1904,1987,Modern,Russian,Male
Kalkbrenner,Friedrich,1785,1849,Classical,German-French,Male
Kálmán,Emmerich,1882,1953,Romantic,Hungarian,Male
Kaminsky,Laura,1956,Still living,Contemporary,American,Female
Kaprálová,Vítězslava,1915,1940,Romantic,Czech,Female
Kapsperger,Giovanni Girolamo,1580,1651,Baroque,German-Italian,Male
Kapustin,Nikolai Girshevich,1937,2020,Modern,Ukranian,Male
Kaski,Heino,1885,1957,Romantic,Finnish,Male
Kavanagh,Dale,1958,Still living,Contemporary,Canadian,Male
Kay,Ulysses,1917,1995,Neoclassical,American,Male
Kelley,Edgar Stillman,1857,1944,Romantic,American,Male
Kerll,Johann Kaspar,1627,1693,Baroque,German,Male
Kern,Jerome,1885,1945,Musical theater,American,Male
Kernis,Aaron Jay,1960,Still living,Contemporary,American,Male
Kerr,Thomas Henderson,1915,1988,Modern,American,Male
Ketèlbey,Albert,1875,1959,Romantic,English,Male
Khachaturian,Aram,1903,1978,Modern,Armenian,Male
Khrennikov,Tikhon,1913,2007,Russian,Russian,Male
Klampanis,Petros,1981,Still living,Jazz,Greek,Male
Kodály,Zoltán,1882,1967,Modern,Hungarian,Male
Koechlin,Charles,1867,1950,Romantic,French,Male
Kopp,Rudolph,1887,1972,Film music,Australian-American,Male
Korngold,Erich Wolfgang,1897,1957,Modern,Austrian-American,Male
Kozeluch,Leopold,1747,1818,Classical,Bohemian (Czech Republic),Male
Kramer,Johann Baptist,1771,1858,Classical,German-English,Male
Kraus,Joseph Martin,1756,1792,Classical,German,Male
Kreisler,Fritz,1875,1962,Modern,Austrian-American,Male
Krejčí,Iša,1904,1968,Modern,Czech,Male
Krenek,Ernst,1900,1991,Modern,Austrian-American,Male
Kristinsson,Gunnar Andreas,1976,Still living,Contemporary,Icelandic,Male
Kromer,Franz,1759,1831,Classical,Moravian (Czech Republic),Male
Kurtág,György,1926,Still living,Contemporary,Hungarian,Male
Laborde,Jean-Benjamin de,1734,1794,Classical,French,Male
Lachner,Ignaz,1807,1895,Romantic,German,Male
Lafitte,José White,1836,1918,Romantic,Cuban-French,Male
Laks,Simon,1901,1983,Modern,Polish,Male
Lalo,Édouard,1823,1892,Romantic,French,Male
Lamothe,Ludovic,1882,1953,Romantic,Haitian,Male
Lang,David,1957,Still living,Contemporary,American,Male
la Rue,Pierre de,1452,1518,Renaissance,Flemish (Belgian),Male
Lassus,Orlande de,1532,1594,Renaissance,Flemish (Belgian),Male
Lauro,Antonio,1917,1986,Modern,Venezuelan,Male
Lebrun,Ludwig August,1752,1790,Classical,German,Male
Leclair,Jean-Marie,1697,1764,Baroque,French,Male
Leduc,Simon,1742,1777,Classical,French,Male
Legnani,Luigi,1790,1877,Romantic,Italian,Male
Lehrer,Tom,1928,Still living,Contemporary,American,Male
Le Jeune,Claude,1528,1600,Renaissance,French-Flemish,Male
Leo,Leonardo,1694,1744,Baroque,Italian,Male
Leoncavallo,Ruggero,1857,1919,Romantic,Italian,Male
Lehár,Franz,1870,1948,Romantic,Austro-Hungarian,Male
Lehmann,Liza,1862,1918,Romantic,English,Female
Léonin,,12th c.,?,Medieval,French,Male
Levy,Hank,1927,2001,Jazz,American,Male
Ligeti,György,1923,2006,Modern,Hungarian-Austrian,Male
Lim,Liza,1966,Still living,Contemporary,Australian,Female
Lindberg,Magnus,1958,Still living,Contemporary,Finnish,Male
Liszt,Franz,1811,1886,Romantic,Hungarian,Male
Litolff,Henry,1818,1891,Romantic,English,Male
Loeffler,Charles Martin,1861,1935,Romantic,German-American,Male
Lopes-Graça,Fernando,1906,1994,Modern,Portuguese,Male
Lotti,Antonio,1667,1740,Baroque,Italian,Male
Lukačić,Ivan,1587,1648,Baroque,Croatian,Male
Lully,Jean-Baptiste,1632,1687,Baroque,Italian-French,Male
Lutosławski,Witold,1913,1994,Modern,Polish,Male
Luzzaschi,Luzzasco,1545,1607,Renaissance,Italian,Male
MacDowell,Edward,1860,1908,Romantic,American,Male
MacMillan,James,1959,Still living,Contemporary,Scottish,Male
McDowall,Cecilia,1951,Still living,Contemporary,English,Female
Mahler,Gustav,1860,1911,Romantic,Austro-Bohemian,Male
Malats,Joaquín,1872,1912,Romantic,Spanish,Male
Maldere,Pierre van,1729,1768,Baroque,Belgian,Male
Mancini,Henry,1924,1994,Film music,American,Male
Marais,Marin,1656,1728,Baroque,French,Male
Marcello,Alessandro Ignazio,1673,1747,Baroque,Italian,Male
Marianelli,Dario,1963,Still living,Film and Television Music,Italian,Male
Marini,Biagio,1594,1663,Baroque,Italian,Male
Maroulis,Iason,1999,Still living,Contemporary,Greek,Male
Martinaitytė,Žibuoklė,1973,Still living,Contemporary,Lithuanian,Male
Martinů,Bohuslav,1890,1959,Modern,Czech,Male
Marx,Joseph,1882,1964,Romantic,Austrian,Male
Mascagni,Pietro,1863,1945,Romantic,Italian,Male
Mason,Lowell,1792,1872,Liturgical,American,Male
Massenet,Jules,1842,1912,Romantic,French,Male
Mathias,William,1934,1992,Modern,Welsh,Male
Matteis,Nicola,1670,1713,Baroque,Italian,Male
Matthews,David,1943,Still living,Contemporary,English,Male
Mayr,Johann Simon,1763,1845,Classical,German,Male
Mazzoli,Missy,1980,Still living,Contemporary,American,Female
McLaughlin,John,1942,Still living,Contemporary,English,Male
Medtner,Nikolai,1879,1951,Romantic,Russian,Male
Melichar,Alois,1896,1976,Modern,Austrian,Male
Mellits,Marc,1966,Still living,Contemporary,American,Male
Mendelssohn,Fanny,1805,1847,Romantic,German,Female
Mendelssohn,Felix,1809,1847,Romantic,German,Male
Mendelssohn Bartholdy,Albrecht,1874,1936,Romantic,German,Male
Menotti,Gian Carlo,1911,2007,Modern,Italian-American,Male
Merrick,Frank,1886,1981,Modern,English,Male
Mertz,Joseph Kaspar,1806,1856,Romantic,Austrian-Hungarian,Male
Merulo,Claudio,1533,1604,Renaissance,Italian,Male
Messager,André,1853,1929,Romantic,French,Male
Messiaen,Olivier Eugène Prosper Charles,1908,1992,Modern,French,Male
Meude-Monpas,Chevalier de,?,?,Classical,French,Male
Meyer,Krzysztof,1943,Still living,Contemporary,Polish,Male
Milhaud,Darius,1892,1974,Modern,French,Male
Mion,Charles-Louis,1699,1775,Baroque,French,Male
Moby,,1965,Still living,Dance,American,Male
Moeran,Ernest John,1894,1950,Modern,English,Male
Molter,Johann Melchior,1696,1765,Baroque,German,Male
Mompou,Federico,1893,1987,Modern,Spanish,Male
Monari,Bartolomeo,1662,1697,Baroque,Italian,Male
Mondonville,Jean-Joseph Cassanea de,1711,1772,Baroque,French,Male
Montgeroult,Hélène de,1764,1836,Romantic,French,Female
Moniuszko,Stanisław,1819,1872,Romantic,Polish,Male
Monn,Georg Matthias,1717,1750,Baroque,Austrian,Male
Monteverdi,Claudio Giovanni Antonio,1567,1643,Baroque,Italian,Male
Moore,Douglas,1893,1969,Modern,American,Male
Moravec,Paul,1957,Still living,Contemporary,American,Male
Moscheles,Ignaz,1794,1870,Romantic,Bohemian (Czech Republic),Male
Moszkowski,Moritz,1854,1925,Romantic,German,Male
Mozart,Franz Xaver,1791,1844,Classical,Austrian,Male
Mozart,Johann Georg Leopold,1719,1787,Classical,German,Male
Mozart,Wolfgang Amadeus,1756,1791,Classical,Austrian,Male
Muffat,Georg,1653,1704,Baroque,French,Male
Muhly,Nico,1981,Still living,Contemporary,American,Male
Mulvey,Gráinne,1966,Still living,Contemporary,Irish,Female
Mumford,Jeffrey,1955,Still living,Contemporary,American,Male
Murcia,Santiago de,1673,1739,Baroque,Spanish,Male
Mussorgsky,Modest Petrovich,1839,1881,Romantic,Russian,Male
Musto,John,1954,Still living,Contemporary,American,Male
Myaskovsky,Nikolai,1881,1950,Modern,Russian,Male
Mysliveček,Josef,1737,1781,Classical,Czech,Male
Nabors,Brian Raphael,1991,Still living,Contemporary,American,Male
Naudot,Jacques-Christophe,1690,1762,Baroque,French,Male
Nielsen,Carl August,1865,1931,Romantic,Danish,Male
Nono,Luigi,1924,1990,Modern,Italian,Male
Nordin,Jesper,1971,Still living,Contemporary,Swedish,Male
O'Halloran,Dustin,1971,Still living,Contemporary,American,Male
Obel,Agnes,1980,Still living,Contemporary,Danish,Female
Obrecht,Jacob,1457,1505,Renaissance,Flemish (Belgian),Male
Ockeghem,Johannes,1410,1497,Renaissance,Flemish (Belgian),Male
Odeh-Tamimi,Samir,1970,Still living,Contemporary,Palestinian,Male
Offenbach,Jacques,1819,1880,Romantic,German-French,Male
Okoye,Nkeiru,1972,Still living,Contemporary,American,Female
Orff,Carl,1895,1982,Romantic,German,Male
Orlovich,Matthew,1970,Still living,Contemporary,Australian,Male
Owen,Morfydd Llwyn,1891,1918,Romantic,Welsh,Female
Owens,Robert,1925,2017,Modern,American,Male
Pachelbel,Johann,1653,1706,Baroque,German,Male
Padding,Martijn,1956,Still living,Contemporary,Dutch,Male
Paderewski,Jan,1860,1941,Romantic,Polish,Male
Paër,Ferdinando,1771,1839,Classical,Italian,Male
Paganini,Niccolò,1782,1840,Romantic,Italian,Male
Paine,John Knowles,1839,1906,Romantic,American,Male
Palestrina,Giovanni Pierluigi da,1525,1594,Renaissance,Italian,Male
Pallavacino,Carlo,1630,1688,Baroque,Italian,Male
Panufnik,Andrzej,1914,1991,Modern,Polish-English,Male
Panufnik,Roxanna,1968,Still living,Contemporary,English,Female
Paradis,Maria Theresia von,1759,1824,Classical,Austrian,Female
Paradisi,Pietro Domenico,1707,1791,Baroque,Italian,Male
Park,Maria Hester,1760,1813,Classical,English,Female
Park,Owain,1993,Still living,Contemporary,English,Male
Parker,Horatio,1863,1919,Romantic,American,Male
Parry,Hubert,1848,1918,Romantic,English,Male
Parsons,Robert,1535,1572,Tudor,English,Male
Pärt,Arvo,1935,Still living,Contemporary,Estonian,Male
Partanen,Eino,1915,2004,Modern,Finnish,Male
Pauset,Brice,1965,Still living,Contemporary,French,Male
Pearsall,Robert Lucas de,1795,1856,Romantic,English,Male
Peel,Hannah,1985,Still living,Indie pop,Irish,Female
Peerson,Martin,1571,1650,Baroque,English,Male
Penderecki,Krzysztof,1933,2020,Modern,Polish,Male
Peri,Jacopo,1561,1633,Renaissance,Italian,Male
Perkinson,Coleridge-Taylor,1932,2004,Modern,American,Male
Pérotin,,?,1238?,Medieval,French,Male
Peterson,Clara Gottschalk,1837,1910,Romantic,American,Female
Pfitzner,Hans,1869,1949,Romantic,German,Male
Philidor,François-André Danican,1726,1795,Classical,French,Male
Philips,Peter,1560,1628,Baroque,English,Male
Piatti,Carlo Alfredo,1822,1901,Romantic,Italian,Male
Piazzolla,Astor,1921,1992,Tango,Argentinian,Male
Picchi,Giovanni,1571,1643,Baroque,Italian,Male
Pinnock,Naomi,1979,Still living,Contemporary,English,Female
Piovani,Nicola,1946,Still living,Film music,Italian,Male
Pisendel,Johann Georg,1687,1755,Baroque,German,Male
Piston,Walter,1894,1976,Modern,American,Male
Pizzetti,Ildebrando,1880,1968,Modern,Italian,Male
Pla,Joan Baptista,1720,1773,Baroque,Spanish,Male
Pla,Josep,1728,1762,Baroque,Spanish,Male
Pla,Manuel,1725,1766,Baroque,Spanish,Male
Playford,John,1623,1687,Renaissance,English,Male
Pleyel,Ignace Joseph,1757,1831,Classical,Austrian,Male
Ponce,Manuel,1882,1948,Modern,Mexican,Male
Poot,Marcel,1901,1988,Modern,Belgian,Male
Porpora,Nicola,1686,1768,Baroque,Italian,Male
Pott,Francis,1957,Still living,Contemporary,English,Male
Poulenc,Francis,1899,1963,Modern,French,Male
Praetorius,Michael,1571,1621,Baroque,German,Male
Pratten,Catharina,1824,1895,Romantic,German,Female
Price,Florence Beatrice,1887,1953,Modern,American,Female
Prokofiev,Sergey,1891,1953,Modern,Russian,Male
Provenzale,Francesco,1624,1704,Baroque,Italian,Male
Puliti,Gabriello,1575,1644,Renaissance,Italian,Male
Puccini,Giacomo,1858,1924,Romantic,Italian,Male
Purcell,Henry,1659,1695,Baroque,English,Male
Puts,Kevin,1972,Still living,Contemporary,American,Male
Quantz,Johann Joachim,1697,1773,Baroque,German,Male
Quentin,Jean Baptiste,1690,1750,Baroque,French,Male
Quilter,Roger,1877,1953,Modern,English,Male
Raaff,Robin de,1968,Still living,Contemporary,Dutch,Male
Rachmaninoff,Sergei Vasilyevich,1873,1943,Romantic,Russian,Male
Raff,Joachim,1822,1882,Romantic,German,Male
Rameau,Jean-Philippe,1684,1764,Baroque,French,Male
Ramírez,Ariel,1921,2010,Modern,Argentinian,Male
Rands,Bernard,1934,Still living,Contemporary,English-American,Male
Rautavaara,Einojuhani,1928,2016,Modern,Finnish,Male
Ravel,Maurice,1875,1937,Modern,French,Male
Rebel,Jean-Féry,1666,1747,Baroque,French,Male
Recio,Matthew,,Still living,Contemporary,American,Male
Reed,Lou (Lewis Allan),1942,2013,Rock,United States,Male
Reger,Max,1873,1916,Romantic,German,Male
Regnart,Jacobus,1540,1599,Renaissance,Flemish (Belgian),Male
Regondi,Giulio,1822,1872,Romantic,Swiss,Male
Reich,Steve (Stephen Michael),1936,Still living,Minimalism,United States,Male
Reicha,Anton,1770,1836,Classical,Czech-French,Male
Reid,Ellen,1983,Still living,Contemporary,American,Female
Reimann,Aribert,1936,Still living,Contemporary,German,Male
Reinecke,Carl,1824,1910,Romantic,German,Male
Respighi,Ottorino,1879,1936,Modern,Italian,Male
Reutter,Hermann,1900,1985,Modern,German,Male
Reutter,Johann Georg,1708,1772,Classical,Austrian,Male
Richter,Franz Xaver,1709,1789,Classical,Austrian,Male
Richter,Max,1966,Still living,Contemporary,German-English,Male
Rimsky-Korsakov,Nikolai Andreyevich,1844,1908,Romantic,Russian,Male
Rittler,Philipp Jakob,c1637,1690,Baroque,Austrian,Male
Rochberg,George,1918,2005,Modern,American,Male
Rode,Pierre,1774,1830,Romantic,French,Male
Rodgers,Richard,1902,1979,Musical theater,American,Male
Rodrigo,Joaquín,1901,1999,Modern,Spanish,Male
Roman,Johan Helmich,1694,1758,Baroque,Swedish,Male
Rosetti,Francesco Antonio,1750,1792,Classical,Bohemian (Czech Republic),Male
Rosier,Carl,1640,1725,Renaissance,Flemish (Belgian),Male
Rossi,Luigi,1597,1653,Baroque,Italian,Male
Rossini,Gioachino Antonio,1792,1868,Bel canto,Italian,Male
Rota,Nino,1911,1979,Film music,Italian,Male
Roussel,Albert,1869,1937,Modern,French,Male
Rózsa,Miklós,1907,1995,Film music,Hungarian,Male
Ruggles,Carl,1876,1971,Modern,American,Male
Ruiz-Pipó,Antonio,1934,1997,Modern,Spanish,Male
Rzewski,Frederic,1938,Still living,Contemporary,American,Male
Saint-Luc,Jacques de,1616,1710,Baroque,Belgian,Male
Saint-Saëns,Charles-Camille,1835,1921,Romantic,French,Male
Sainz de la Maza,Eduardo,1903,1982,Modern,Spanish,Male
Sainz de la Maza,Regino,1896,1981,Modern,Spanish,Male
Salieri,Antonio,1750,1825,Classical,Italian,Male
Samaras,Spyridon,1861,1917,Romantic,Greek,Male
Sammartini,Giovani Battista,1700,1775,Classical,Italian,Male
Sances,Giovanni Felice,1600,1679,Baroque,Italian,Male
Sarasate,Pablo de,1844 ,1908,Romantic,Spanish,Male
Saariaho,Kaija,1952,Still living,Contemporary,Finnish,Female
Satie,Erik,1866,1925,Modern,French,Male
Scarlatti,Alessandro,1660,1725,Baroque,Italian,Male
Scarlatti,Domenico,1685,1757,Baroque,Italian,Male
Scheibe,Johann Adolf,1708,1776,Baroque,German-Danish,Male
Scheidt,Samuel,1587,1654,Baroque,German,Male
Schein,Johann Hermann,1586,1630,Baroque,German,Male
Schenk,Johann Baptist,1753,1836,Classical,Austrian,Male
Schmelzer,Johann Heinrich,1620,1680,Baroque,Austrian,Male
Schmidt,Franz,1874,1939,Romantic,Austrian-Hungarian,Male
Schmitt,Florent,1870,1958,Romantic,French,Male
Schnittke,Alfred,1934,1998,Modern,Russian,Male
Schoenberg,Arnold,1874,1951,Modern,Austrian-American,Male
Schreker,Franz,1878,1934,Modern,Austrian,Male
Schröter,Johann Samuel,1753,1788,Classical,German,Male
Schubert,Franz Peter,1797,1828,Classical,Austrian,Male
Schumann,Clara Josephine,1819,1896,Romantic,German,Female
Schumann,Robert,1810,1856,Romantic,German,Male
Schürmann,Georg Caspar,1672,1751,Baroque,German,Male
Schutte,Daniel,?,Still living,Catholic liturgical,American,Male
Schütz,Heinrich,1585,1672,Baroque,German,Male
Scharwenka,Philipp,1847,1917,Romantic,German,Male
Scharwenka,Xaver,1850,1924,Romantic,German,Male
Scriabin,Alexander,1871,1915,Modern,Russian,Male
Seixas,Carlos,1704,1742,Baroque,Portuguese,Male
Séjourné,Emmanuel,1961,Still living,Contemporary,French,Male
Senaillé,Jean-Baptiste,1687,1730,Baroque,French,Male
Shand,Ernest,1868,1924,Romantic,English,Male
Shapero,Harold,1920,2013,Modern,American,Male
Shaw,Caroline,1982,Still living,Contemporary,American,Female
Shore,Howard,1946,Still living,Film music,Canadian,Male
Shostakovich,Dmitry,1906,1975,Modern,Russian,Male
Sibelius,Jean,1865,1957,Romantic,Finnish,Male
Sierra,Arlene,1970,Still living,Contemporary,American,Female
Silvestrov,Valentyn,1937,Still living,Contemporary,Ukranian,Male
Sinding,Christian,1856,1941,Romantic,Norwegian,Male
Skalkottas,Nikos,1904,1949,Modern,Greek,Male
Skjavetić,Julije,1530,1565,Renaissance,Croatian,Male
Smetana,Bedřich,1824,1884,Romantic,Czech,Male
Smith,Gabriella,1991,Still living,Contemporary,American,Female
Smith,Hale,1925,Still living,Contemporary,American,Male
Smith,Julia Frances,1905,1989,Modern,American,Female
Smith,Robert,1959,Still living,Post-punk,United Kingdom,Male
Smyth,Ethel,1858,1944,Romantic,English,Female
Sneed,Damien,?,Still living,Contemporary,American,Male
Snider,Sarah Kirkland,1973,Still living,Contemporary,American,Female
Somervell,Arthur,1863,1937,Romantic,English,Male
Sondheim,Stephen,1930,Still living,Musical theater,American,Male
Sor,Fernando,1778,1839,Classical,Spanish,Male
Sorey,Tyshawn,1980,Still living,Contemporary,American,Male
Sorte,Bartolomeo,1681,1732,Baroque,Italian,Male
Sousa,John Philip,1854,1932,Romantic,American,Male
Sowande,"Olufela Obafunmilayo ""Fela""",1905,1987,Modern,Nigerian,Male
Sowerby,Leo,1895,1968,Liturgical,American,Male
Spohr,Ludwig,1784,1859,Romantic,German,Male
Stamitz,Anton Thadäus Johann Nepomuk,1750,1798-1809,Classical,German,Male
Stamitz,Carl Philipp,1745,1801,Classical,German,Male
Stamitz,Johann Wenzel Anton,1717,1757,Classical,Bohemian (Czech Republic),Male
Stanford,Charles Villiers,1852,1924,Romantic,Irish,Male
Starzer,Josef,1726,1787,Baroque,Austrian,Male
Steibelt,Daniel Gottlieb,1765,1823,Romantic,German,Male
Steiner,Max,1888,1971,Film music,Austrian-American,Male
Stenhammar,Wilhelm,1871,1927,Romantic,Swedish,Male
Sternberg,Constantin von,1852,1924,Romantic,Russian-American,Male
Steuermann,Eduard,1892,1964,Modern,Austrian-American,Male
Stevenson,Ronald,1928,2015,Modern,Scottish,Male
Still,William Grant,1895,1978,Modern,American,Male
Stölzel,Gottfried Heinrich,1690,1749,Baroque,German,Male
Stradella,Alessandro,1644,1682,Baroque,Italian,Male
Straus,Oscar,1870,1954,Romantic,Austrian,Male
Strauss,Richard Georg,1864,1949,Romantic,German,Male
Strauss I,Johann Baptist,1804,1849,Romantic,Austrian,Male
Strauss II,Johann Baptist,1825,1899,Romantic,Austrian,Male
Stravinsky,Igor,1882,1971,Modern,Russian,Male
Striggio,Alessandro,1537,1592,Renaissance,Italian,Male
Stulick,Matthäus Nikolaus,1700,1732,Baroque,German,Male
Suk,Josef,1874,1935,Romantic,Czech,Male
Sullivan,Arthur Seymour,1842,1900,Romantic,English,Male
Suppé,Franz von,1819,1895,Romantic,Austrian,Male
Susato,Tielman,1510,1570,Renaissance,Flemish (Belgian),Male
Süssmayr,Franz Xaver,1766,1803,Classical,Austrian,Male
Sweelinck,Jan Pieterszoon,1562,1621,Renaissance,Dutch,Male
Széchényi,Imre,1825,1898,Romantic,Hungarian,Male
Szentirmay,Elemér,1836,1908,Romantic,Hungarian,Male
Szymanowski,Karol Maciej,1882,1937,Modern,Polish,Male
Takemitsu,Tōru,1930,1996,Modern,Japanese,Male
Taktakishvili,Otar,1924,1989,Modern,Georgian,Male
Talbot,Joby,1971,Still living,Contemporary,English,Male
Tailleferre,Germaine,1892,1983,Modern,French,Female
Tallis,Thomas,Unknown,1585,Renaissance,English,Male
Taneyev,Sergei,1856,1915,Romantic,Russian,Male
Tárrega,Francisco,1852,1909,Romantic,Spanish,Male
Tartini,Giuseppe,1692,1770,Baroque,Italian,Male
Tatum,Art,1909,1956,Jazz,American,Male
Tavener,John,1944,2013,Modern,British,Male
Taverner,John,1480,1545,Renaissance,English,Male
Tchaikovsky,Pyotr Ilyich,1840,1893,Romantic,Russian,Male
Telemann,Georg Philipp,1681,1767,Baroque,German,Male
Thalberg,Sigismond,1812,1871,Romantic,Swiss,Male
Thomas,Augusta Read,1964,Still living,Contemporary,American,Female
Thomson,Virgil,1896,1989,Modern,American,Male
Thompson,Randall,1899,1984,Modern,American,Male
Þorvaldsdóttir,Anna Sigríður,1977,Still living,Contemporary,Icelandic,Female
Tillis,Frederick,1930,Still living,Contemporary,American,Male
Tippett,Michael Kemp,1905,1998,Modern,English,Male
Tómasson,Haukur,1960,Still living,Contemporary,Icelandic,Male
Tomkins,Thomas,1572,1656,Tudor,Welsh,Male
Torke,Michael,1961,Still living,Contemporary,American,Male
Tosti,Paolo,1846,1916,Romantic,Italian-English,Male
Tournier,Marcel,1879,1951,Romantic,French,Male
Tower,Joan,1938,Still living,Contemporary,American,Female
Trevino,Ivan,1983,Still living,Contemporary,Mexican-American,Male
Tristano,Francesco,1981,Still living,Contemporary,Luxembourg,Male
Tsalahouris,Philippos,1969,Still living,Contemporary,Greek,Male
Tubin,Eduard,1905,1982,Modern,Estonian,Male
Tunder,Franz,1614,1667,Baroque,German,Male
Turina,Joaquín,1882,1949,Modern,Spanish,Male
Uccellini,Marco,1603,1680,Baroque,Italian,Male
Usper,Francesco,1561,1641,Baroque,Italian,Male
Vaka,Veronique,1986,Still living,Contemporary,Icelandic,Female
Valentini,Giuseppe,1681,1753,Baroque,Italian,Male
Varèse,Edgard,1883,1965,Modern,French-American,Male
Vaughan Williams,Ralph,1872,1958,Modern,English,Male
Vasks,Peteris,1946,Still living,Modern,Latvian,Male
Venables,Ian,1955,Still living,Contemporary,English,Male
Venables,Philip,1978,Still living,Contemporary,English,Male
Verdi,Giuseppe,1813,1901,Romantic,Italian,Male
Verdonck,Cornelis,1563,1625,Renaissance,Flemish (Belgian),Male
Verhey,Theodoor,1848,1929,Romantic,Dutch,Male
Viardot,Pauline,1821,1910,Romantic,French,Female
Vierne,Louis,1870,1937,Romantic,French,Male
Vieuxtemps,Henri,1820,1881,Romantic,Belgian,Male
Villa-Lobos,Heitor,1887,1959,Modern,Brazilian,Male
Vinci,Leonardo,1690,1730,Baroque,Italian,Male
Vivaldi,Antonio,1678,1741,Baroque,Italian,Male
Viviani,Giovanni Buonaventura,1638,1692,Baroque,Italian,Male
Vladigerov,Pancho,1899,1978,Modern,Bulgarian,Male
Vogler,Georg Joseph,1749,1814,Classical,German,Male
Vongtaradon,Saksri Pang,1974,Still living,Contemporary,Thai,Male
Vrebalov,Aleksandra,1970,Still living,Contemporary,Serbian,Female
Wagenseil,Georg Christoph,1715,1777,Baroque,Austrian,Male
Wagner,Wilhelm,1813,1883,Romantic,German,Male
Walshe,Jennifer,1974,Still living,Contemporary,Irish,Female
Walton,William,1902,1983,Modern,English,Male
Wanhal,Johann Baptist,1739,1813,Classical,Czech,Male
Warlock,Peter,1894,1930,Romantic,English,Male
Watkins,Huw,1976,Still living,Contemporary,Welsh,Male
Waxman,Franz,1906,1967,Film music,German-American,Male
Weber,Carl Maria von,1786,1826,Romantic,German,Male
Webern,Anton,1883,1945,Modern,Austrian,Male
Weill,Kurt,1900,1950,Modern,German-American,Male
Weinberg,Mieczyslaw,1919,1996,Modern,Polish-Russian,Male
Weir,Judith,1954,Still living,Contemporary,British,Female
Wert,Giaches de,1535,1596,Renaissance,Flemish (Belgian),Male
Whitacre,Eric,1970,Still living,Contemporary,American,Male
White,Clarence Cameron,1880,1960,Neoromantic,American,Male
Whiting,George,1840,1923,Romantic,American,Male
Widmann,Jörg,1973,Still living,Contemporary,German,Male
Widor,Charles-Marie,1844,1937,Romantic,French,Male
Wieniawski,Henryk,1835,1880,Romantic,Polish,Male
Wieniawski,Józef,1837,1912,Romantic,Polish,Male
Willaert,Adrian,1490,1562,Renaissance,Flemish (Belgian),Male
Williams,Grace,1906,1977,Modern,Welsh,Female
Williams,Hank,1923,1953,Country,American,Male
Williams,John,1932,Still living,Film music,American,Male
Willson,Meredith,1902,1984,Modern,American,Male
Wilson,Olly,1937,2018,Modern,American,Male
Wolf,Hugo,1860,1903,Romantic,Austrian,Male
Wolf-Ferrari,Ermanno,1876,1948,Modern,Italian,Male
Wood,Hugh,1932,Still living,Contemporary,English,Male
Wooten,Victor,1964,Still living,Jazz,American,Male
Wranitzky,Paul,1756,1808,Classical,Moravian (Czech Republic),Male
Wuorinen,Charles,1938,2020,Modernist,American,Male
Ye,Xiaogang,1955,Still living,Contemporary,Chinese,Male
York,Andrew,1958,Still living,Contemporary,American,Male
Ysaÿe,Eugène,1858,1931,Romantic,Belgian,Male
Yuferov,Sergei,1865,1927,Romantic,Ukranian,Male
Yun,Isang,1917,1995,Modern,Korean,Male
Z (Ruth Brooks),Pamela,1956,Still living,Contemporary,American,Female
Zbinden,Julien-François,1917,2021,Modern,Swiss,Male
Zelenka,Jan Dismas,1679,1745,Baroque,Czech,Male
Zemlinsky,Alexander von,1871,1942,Romantic,Austrian,Male
Zimmermann,Anton,1741,1781,Classical,Silesian,Male
Zingarelli,Nicola Antonio,1752,1837,Classical,Italian,Male
Zumsteeg,Emilie,1796,1837,Romantic,German,Female